{"labels_3d": [0, 0, 0, 0, 0, 0, 0, 0, 0, 0, 0, 0, 0, 0, 0, 0, 0, 0], "scores_3d": [0.453772634267807, 0.40064847469329834, 0.39292192459106445, 0.37313759326934814, 0.35399001836776733, 0.3467044234275818, 0.30836930871009827, 0.2727707624435425, 0.25992411375045776, 0.2366182655096054, 0.22802521288394928, 0.2222367823123932, 0.22062470018863678, 0.21570569276809692, 0.21494629979133606, 0.2070305049419403, 0.20150309801101685, 0.1919165700674057], "bboxes_3d": [[33.72414779663086, 11.347033500671387, -2.0879788398742676, 4.510284423828125, 1.8075031042099, 1.534907579421997, 0.27286994457244873], [32.96657180786133, 21.700733184814453, -2.2492828369140625, 4.564877033233643, 1.7476933002471924, 1.6376991271972656, -0.0026241540908813477], [42.80027770996094, -6.214968204498291, -2.3243372440338135, 4.465085506439209, 1.844326376914978, 1.5412745475769043, 0.1463325023651123], [33.99698257446289, -26.328969955444336, -2.3615105152130127, 4.587621688842773, 1.9126160144805908, 1.7257758378982544, -0.0880887508392334], [5.66985559463501, -32.40596389770508, -2.1429851055145264, 4.621574878692627, 1.8019663095474243, 1.4921557903289795, 0.2683144807815552], [23.588563919067383, -16.46236228942871, -2.3134562969207764, 4.589842796325684, 1.801693320274353, 1.8571598529815674, -0.12333798408508301], [24.760196685791016, 34.41617965698242, -2.1680126190185547, 4.526493072509766, 1.7913923263549805, 1.6905839443206787, 0.23604047298431396], [27.276050567626953, 3.6211533546447754, -2.847367763519287, 4.540708541870117, 1.9572709798812866, 1.813929557800293, 0.04652726650238037], [31.870502471923828, -30.89813804626465, -2.479532241821289, 4.4514007568359375, 1.8718782663345337, 1.5972214937210083, 0.07069385051727295], [6.661529541015625, -27.743724822998047, -2.3872063159942627, 4.468411445617676, 1.7797075510025024, 1.51313316822052, 0.24868285655975342], [26.046531677246094, -9.805442810058594, -2.5576159954071045, 4.323851585388184, 1.74443781375885, 1.5212231874465942, 0.03121507167816162], [4.972447395324707, 26.08578872680664, -2.1643900871276855, 4.413382530212402, 1.7601038217544556, 1.6527838706970215, 0.010358810424804688], [30.23042869567871, -0.8771396279335022, -2.6684787273406982, 4.410967826843262, 1.7803270816802979, 1.65748131275177, 0.25479352474212646], [9.042830467224121, 22.341054916381836, -2.2856500148773193, 4.479896068572998, 1.7682323455810547, 1.8013728857040405, 0.0638117790222168], [10.846817970275879, 27.578847885131836, -2.1223292350769043, 4.241998195648193, 1.8099488019943237, 1.8758465051651, -1.1897250413894653], [8.1136474609375, 18.558528900146484, -2.4934349060058594, 4.513306140899658, 1.8501920700073242, 1.7048676013946533, 0.05712687969207764], [20.600467681884766, -13.278871536254883, -2.14188551902771, 3.470465898513794, 1.7120414972305298, 1.7127472162246704, 0.47899091243743896], [50.53434371948242, 15.763991355895996, -2.0406205654144287, 4.080770492553711, 1.7297756671905518, 1.6968004703521729, -1.355312466621399]], "box_type_3d": "LiDAR"}